rank,file,t_sec,score,U,A,D,n_boxes,n_ambiguous,empty,selected
1,frame_0070.jpg,28.0,0.601,0.5448,0.4286,1.0,5,3,False,True
2,frame_0069.jpg,27.6,0.5955,0.5338,0.4286,1.0,4,3,False,False
3,frame_0126.jpg,50.4,0.593,0.5392,0.5714,0.76,7,4,False,True
4,frame_0377.jpg,150.8,0.5571,0.4662,1.0,0.12,9,7,False,True
5,frame_0198.jpg,79.2,0.5471,0.8324,0.1429,0.44,1,1,False,True
6,frame_0375.jpg,150.0,0.5388,0.569,0.7143,0.2,10,5,False,False
7,frame_0074.jpg,29.6,0.5296,0.402,0.4286,1.0,8,3,False,False
8,frame_0376.jpg,150.4,0.5257,0.5589,0.7143,0.16,9,5,False,False
9,frame_0288.jpg,115.2,0.5213,0.4974,0.4286,0.72,8,3,False,True
10,frame_0127.jpg,50.8,0.5199,0.377,0.5714,0.8,7,4,False,False
11,frame_0071.jpg,28.4,0.5196,0.382,0.4286,1.0,6,3,False,False
12,frame_0289.jpg,115.6,0.5173,0.4735,0.4286,0.76,7,3,False,False
13,frame_0008.jpg,3.2,0.5134,0.5411,0.1429,1.0,2,1,False,True
14,frame_0316.jpg,126.4,0.5132,0.5339,0.7143,0.16,7,5,False,True
15,frame_0072.jpg,28.8,0.5106,0.4498,0.2857,1.0,5,2,False,False
16,frame_0031.jpg,12.4,0.5102,0.3632,0.4286,1.0,8,3,False,True
17,frame_0075.jpg,30.0,0.5068,0.3725,0.4286,0.96,5,3,False,True
18,frame_0073.jpg,29.2,0.4995,0.4276,0.2857,1.0,7,2,False,False
19,frame_0002.jpg,0.8,0.4965,0.3359,0.4286,1.0,6,3,False,True
20,frame_0001.jpg,0.4,0.4952,0.419,0.2857,1.0,9,2,False,False
21,frame_0067.jpg,26.8,0.4898,0.3225,0.4286,1.0,5,3,False,False
22,frame_0284.jpg,113.6,0.4888,0.4964,0.4286,0.56,6,3,False,False
23,frame_0011.jpg,4.4,0.4858,0.4002,0.2857,1.0,2,2,False,False
24,frame_0068.jpg,27.2,0.4806,0.3041,0.4286,1.0,5,3,False,False
25,frame_0167.jpg,66.8,0.4795,0.4619,0.4286,0.6,6,3,False,True
26,frame_0293.jpg,117.2,0.4787,0.3962,0.4286,0.76,5,3,False,True
27,frame_0129.jpg,51.6,0.4742,0.3393,0.4286,0.88,4,3,False,False
28,frame_0287.jpg,114.8,0.474,0.5046,0.2857,0.68,7,2,False,False
29,frame_0023.jpg,9.2,0.4715,0.4572,0.1429,1.0,1,1,False,False
30,frame_0029.jpg,11.6,0.465,0.4442,0.1429,1.0,4,1,False,False
31,frame_0299.jpg,119.6,0.4646,0.4641,0.4286,0.52,5,3,False,False
32,frame_0294.jpg,117.6,0.4617,0.3783,0.4286,0.72,5,3,False,False
33,frame_0285.jpg,114.0,0.4597,0.4222,0.4286,0.6,6,3,False,False
34,frame_0000.jpg,0.0,0.4587,0.346,0.2857,1.0,7,2,False,False
35,frame_0007.jpg,2.8,0.4574,0.3434,0.2857,1.0,5,2,False,False
36,frame_0292.jpg,116.8,0.4574,0.3377,0.4286,0.8,5,3,False,False
37,frame_0291.jpg,116.4,0.457,0.3209,0.4286,0.84,7,3,False,False
38,frame_0004.jpg,1.6,0.4567,0.3419,0.2857,1.0,6,2,False,False
39,frame_0173.jpg,69.2,0.4553,0.5094,0.4286,0.36,7,3,False,False
40,frame_0003.jpg,1.2,0.4522,0.333,0.2857,1.0,5,2,False,False
41,frame_0077.jpg,30.8,0.4515,0.2939,0.4286,0.88,6,3,False,False
42,frame_0111.jpg,44.4,0.448,0.5748,0.4286,0.16,3,3,False,False
43,frame_0333.jpg,133.2,0.4426,0.5104,0.5714,0.08,8,4,False,False
44,frame_0298.jpg,119.2,0.4418,0.4024,0.4286,0.56,5,3,False,False
45,frame_0315.jpg,126.0,0.4399,0.5747,0.4286,0.12,7,3,False,False
46,frame_0209.jpg,83.6,0.4377,0.4159,0.2857,0.72,2,2,False,False
47,frame_0087.jpg,34.8,0.4365,0.5095,0.2857,0.48,2,2,False,False
48,frame_0122.jpg,48.8,0.4362,0.4609,0.2857,0.6,3,2,False,False
49,frame_0286.jpg,114.4,0.4339,0.3547,0.4286,0.64,6,3,False,False
50,frame_0112.jpg,44.8,0.4333,0.4438,0.5714,0.2,5,4,False,False
51,frame_0016.jpg,6.4,0.4254,0.2793,0.2857,1.0,4,2,False,False
52,frame_0330.jpg,132.0,0.4207,0.4826,0.5714,0.04,7,4,False,False
53,frame_0276.jpg,110.4,0.4196,0.4004,0.5714,0.24,8,4,False,False
54,frame_0017.jpg,6.8,0.4193,0.3528,0.1429,1.0,2,1,False,False
55,frame_0384.jpg,153.6,0.4193,0.5175,0.4286,0.16,4,3,False,False
56,frame_0367.jpg,146.8,0.4191,0.4634,0.5714,0.08,7,4,False,False
57,frame_0302.jpg,120.8,0.4185,0.4199,0.4286,0.4,7,3,False,False
58,frame_0279.jpg,111.6,0.4148,0.4284,0.4286,0.36,4,3,False,False
59,frame_0079.jpg,31.6,0.414,0.3366,0.2857,0.8,6,2,False,False
60,frame_0128.jpg,51.2,0.4139,0.3204,0.2857,0.84,5,2,False,False
61,frame_0018.jpg,7.2,0.4137,0.3417,0.1429,1.0,2,1,False,False
62,frame_0131.jpg,52.4,0.4127,0.3556,0.1429,0.96,3,1,False,False
63,frame_0274.jpg,109.6,0.4095,0.4978,0.4286,0.16,7,3,False,False
64,frame_0169.jpg,67.6,0.4093,0.3535,0.4286,0.52,5,3,False,False
65,frame_0297.jpg,118.8,0.4087,0.3203,0.4286,0.6,5,3,False,False
66,frame_0010.jpg,4.0,0.4084,0.3311,0.1429,1.0,2,1,False,False
67,frame_0301.jpg,120.4,0.408,0.3828,0.4286,0.44,8,3,False,False
68,frame_0327.jpg,130.8,0.4066,0.5401,0.4286,0.04,11,3,False,False
69,frame_0304.jpg,121.6,0.4055,0.4259,0.4286,0.32,5,3,False,False
70,frame_0396.jpg,158.4,0.4034,0.3999,0.5714,0.16,7,4,False,False
71,frame_0295.jpg,118.0,0.4018,0.4458,0.1429,0.68,4,1,False,False
72,frame_0277.jpg,110.8,0.4014,0.4336,0.4286,0.28,7,3,False,False
73,frame_0373.jpg,149.2,0.4,0.3931,0.5714,0.16,10,4,False,False
74,frame_0076.jpg,30.4,0.3976,0.3414,0.1429,0.92,5,1,False,False
75,frame_0303.jpg,121.2,0.3948,0.4742,0.2857,0.36,6,2,False,False
76,frame_0130.jpg,52.0,0.3927,0.3317,0.1429,0.92,3,1,False,False
77,frame_0125.jpg,50.0,0.3921,0.4104,0.1429,0.72,5,1,False,False
78,frame_0096.jpg,38.4,0.3904,0.39,0.5714,0.12,6,4,False,False
79,frame_0280.jpg,112.0,0.3854,0.3536,0.4286,0.4,4,3,False,False
80,frame_0224.jpg,89.6,0.382,0.4588,0.4286,0.12,6,3,False,False
81,frame_0317.jpg,126.8,0.3812,0.4252,0.4286,0.2,7,3,False,False
82,frame_0177.jpg,70.8,0.3789,0.4206,0.4286,0.2,6,3,False,False
83,frame_0032.jpg,12.8,0.3787,0.2716,0.1429,1.0,5,1,False,False
84,frame_0306.jpg,122.4,0.3764,0.3996,0.4286,0.24,5,3,False,False
85,frame_0170.jpg,68.0,0.3755,0.3018,0.4286,0.48,5,3,False,False
86,frame_0395.jpg,158.0,0.3753,0.3597,0.5714,0.12,6,4,False,False
87,frame_0387.jpg,154.8,0.3734,0.4954,0.2857,0.2,6,2,False,False
88,frame_0012.jpg,4.8,0.3714,0.2571,0.1429,1.0,2,1,False,False
89,frame_0028.jpg,11.2,0.3712,0.2566,0.1429,1.0,3,1,False,False
90,frame_0080.jpg,32.0,0.3711,0.2667,0.2857,0.76,4,2,False,False
91,frame_0014.jpg,5.6,0.3693,0.2529,0.1429,1.0,3,1,False,False
92,frame_0123.jpg,49.2,0.3677,0.308,0.2857,0.64,4,2,False,False
93,frame_0397.jpg,158.8,0.3676,0.3981,0.4286,0.2,8,3,False,False
94,frame_0078.jpg,31.2,0.3673,0.2272,0.2857,0.84,6,2,False,False
95,frame_0168.jpg,67.2,0.3656,0.3358,0.2857,0.56,5,2,False,False
96,frame_0033.jpg,13.2,0.3655,0.2452,0.1429,1.0,6,1,False,False
97,frame_0115.jpg,46.0,0.3649,0.3447,0.4286,0.32,5,3,False,False
98,frame_0133.jpg,53.2,0.3648,0.2438,0.1429,1.0,6,1,False,False
99,frame_0030.jpg,12.0,0.3631,0.2404,0.1429,1.0,5,1,False,False
100,frame_0202.jpg,80.8,0.3611,0.3107,0.2857,0.6,4,2,False,False
101,frame_0006.jpg,2.4,0.3609,0.236,0.1429,1.0,3,1,False,False
102,frame_0021.jpg,8.4,0.3531,0.2204,0.1429,1.0,5,1,False,False
103,frame_0281.jpg,112.4,0.353,0.3585,0.2857,0.44,4,2,False,False
104,frame_0095.jpg,38.0,0.3521,0.383,0.4286,0.16,5,3,False,False
105,frame_0210.jpg,84.0,0.3514,0.3451,0.1429,0.68,2,1,False,False
106,frame_0318.jpg,127.2,0.3511,0.349,0.4286,0.24,7,3,False,False
107,frame_0300.jpg,120.0,0.351,0.3385,0.2857,0.48,4,2,False,False
108,frame_0223.jpg,89.2,0.3508,0.3804,0.4286,0.16,4,3,False,False
109,frame_0015.jpg,6.0,0.3494,0.2131,0.1429,1.0,5,1,False,False
110,frame_0024.jpg,9.6,0.3494,0.213,0.1429,1.0,4,1,False,False
111,frame_0230.jpg,92.0,0.3492,0.3932,0.4286,0.12,6,3,False,False
112,frame_0027.jpg,10.8,0.3481,0.2105,0.1429,1.0,4,1,False,False
113,frame_0124.jpg,49.6,0.3479,0.338,0.1429,0.68,4,1,False,False
114,frame_0026.jpg,10.4,0.3471,0.2084,0.1429,1.0,3,1,False,False
115,frame_0378.jpg,151.2,0.3469,0.4046,0.4286,0.08,8,3,False,False
116,frame_0329.jpg,131.6,0.3464,0.4037,0.4286,0.08,10,3,False,False
117,frame_0121.jpg,48.4,0.3461,0.2968,0.2857,0.56,4,2,False,False
118,frame_0132.jpg,52.8,0.3445,0.2032,0.1429,1.0,5,1,False,False
119,frame_0328.jpg,131.2,0.3443,0.3138,0.5714,0.08,10,4,False,False
120,frame_0218.jpg,87.2,0.3423,0.3692,0.2857,0.36,3,2,False,False
121,frame_0368.jpg,147.2,0.3398,0.4064,0.4286,0.04,7,3,False,False
122,frame_0325.jpg,130.0,0.3397,0.3206,0.5714,0.04,5,4,False,False
123,frame_0022.jpg,8.8,0.3373,0.2746,0.0,1.0,1,0,False,False
124,frame_0320.jpg,128.0,0.3357,0.404,0.2857,0.24,6,2,False,False
125,frame_0308.jpg,123.2,0.335,0.3488,0.4286,0.16,6,3,False,False
126,frame_0178.jpg,71.2,0.3339,0.3467,0.4286,0.16,7,3,False,False
127,frame_0106.jpg,42.4,0.3332,0.3933,0.4286,0.04,8,3,False,False
128,frame_0393.jpg,157.2,0.3325,0.4775,0.2857,0.04,3,2,False,False
129,frame_0082.jpg,32.8,0.3292,0.215,0.2857,0.68,5,2,False,False
130,frame_0296.jpg,118.4,0.3246,0.3074,0.1429,0.64,4,1,False,False
131,frame_0275.jpg,110.0,0.3203,0.3034,0.4286,0.2,7,3,False,False
132,frame_0388.jpg,155.2,0.3199,0.4043,0.2857,0.16,8,2,False,False
133,frame_0283.jpg,113.2,0.3176,0.2558,0.2857,0.52,5,2,False,False
134,frame_0185.jpg,74.0,0.3147,0.3403,0.4286,0.08,8,3,False,False
135,frame_0113.jpg,45.2,0.3143,0.2754,0.4286,0.24,6,3,False,False
136,frame_0399.jpg,159.6,0.3125,0.3415,0.2857,0.28,6,2,False,False
137,frame_0271.jpg,108.4,0.3117,0.436,0.2857,0.04,3,2,False,False
138,frame_0290.jpg,116.0,0.3098,0.2139,0.1429,0.8,6,1,False,False
139,frame_0097.jpg,38.8,0.3062,0.3232,0.4286,0.08,5,3,False,False
140,frame_0081.jpg,32.4,0.3047,0.2357,0.1429,0.72,5,1,False,False
141,frame_0321.jpg,128.4,0.3045,0.3575,0.2857,0.2,7,2,False,False
142,frame_0282.jpg,112.8,0.3035,0.2435,0.2857,0.48,6,2,False,False
143,frame_0009.jpg,3.6,0.3026,0.2052,0.0,1.0,2,0,False,False
144,frame_0090.jpg,36.0,0.3015,0.3733,0.1429,0.36,4,1,False,False
145,frame_0307.jpg,122.8,0.3015,0.3515,0.2857,0.2,6,2,False,False
146,frame_0372.jpg,148.8,0.3009,0.3823,0.2857,0.12,6,2,False,False
147,frame_0089.jpg,35.6,0.2986,0.2657,0.2857,0.4,5,2,False,False
148,frame_0398.jpg,159.2,0.2982,0.329,0.2857,0.24,9,2,False,False
149,frame_0229.jpg,91.6,0.2959,0.3026,0.4286,0.08,8,3,False,False
150,frame_0116.jpg,46.4,0.2954,0.361,0.1429,0.36,5,1,False,False
151,frame_0019.jpg,7.6,0.2949,0.1897,0.0,1.0,2,0,False,False
152,frame_0084.jpg,33.6,0.2934,0.2611,0.1429,0.6,3,1,False,False
153,frame_0013.jpg,5.2,0.2931,0.1861,0.0,1.0,4,0,False,False
154,frame_0267.jpg,106.8,0.2907,0.362,0.2857,0.12,4,2,False,False
155,frame_0083.jpg,33.2,0.2906,0.2394,0.1429,0.64,3,1,False,False
156,frame_0020.jpg,8.0,0.2891,0.1782,0.0,1.0,1,0,False,False
157,frame_0025.jpg,10.0,0.2871,0.1741,0.0,1.0,3,0,False,False
158,frame_0192.jpg,76.8,0.2853,0.3191,0.2857,0.2,4,2,False,False
159,frame_0183.jpg,73.2,0.2836,0.3798,0.2857,0.04,4,2,False,False
160,frame_0174.jpg,69.6,0.2829,0.352,0.1429,0.32,4,1,False,False
161,frame_0278.jpg,111.2,0.2829,0.2664,0.2857,0.32,8,2,False,False
162,frame_0109.jpg,43.6,0.2828,0.2765,0.4286,0.08,6,3,False,False
163,frame_0379.jpg,151.6,0.2824,0.2916,0.4286,0.04,10,3,False,False
164,frame_0175.jpg,70.0,0.2823,0.2812,0.2857,0.28,7,2,False,False
165,frame_0114.jpg,45.6,0.2819,0.3661,0.1429,0.28,4,1,False,False
166,frame_0091.jpg,36.4,0.2815,0.3493,0.1429,0.32,3,1,False,False
167,frame_0005.jpg,2.0,0.2812,0.1624,0.0,1.0,5,0,False,False
168,frame_0374.jpg,149.6,0.2805,0.3952,0.1429,0.2,9,1,False,False
169,frame_0214.jpg,85.6,0.2794,0.265,0.1429,0.52,3,1,False,False
170,frame_0332.jpg,132.8,0.2774,0.3674,0.2857,0.04,8,2,False,False
171,frame_0094.jpg,37.6,0.274,0.2966,0.2857,0.2,5,2,False,False
172,frame_0086.jpg,34.4,0.2726,0.2515,0.1429,0.52,4,1,False,False
173,frame_0105.jpg,42.0,0.272,0.3405,0.2857,0.08,6,2,False,False
174,frame_0383.jpg,153.2,0.2708,0.3221,0.2857,0.12,5,2,False,False
175,frame_0179.jpg,71.6,0.2698,0.3202,0.2857,0.12,8,2,False,False
176,frame_0085.jpg,34.0,0.2693,0.2289,0.1429,0.56,5,1,False,False
177,frame_0394.jpg,157.6,0.2683,0.3331,0.2857,0.08,5,2,False,False
178,frame_0203.jpg,81.2,0.2666,0.1915,0.1429,0.64,3,1,False,False
179,frame_0268.jpg,107.2,0.2664,0.3293,0.2857,0.08,6,2,False,False
180,frame_0193.jpg,77.2,0.2621,0.2568,0.2857,0.24,5,2,False,False
181,frame_0120.jpg,48.0,0.2597,0.2257,0.1429,0.52,6,1,False,False
182,frame_0212.jpg,84.8,0.2564,0.1871,0.1429,0.6,3,1,False,False
183,frame_0216.jpg,86.4,0.2564,0.251,0.1429,0.44,5,1,False,False
184,frame_0093.jpg,37.2,0.2563,0.2452,0.2857,0.24,4,2,False,False
185,frame_0386.jpg,154.4,0.2561,0.3304,0.1429,0.24,6,1,False,False
186,frame_0172.jpg,68.8,0.2557,0.2656,0.1429,0.4,4,1,False,False
187,frame_0208.jpg,83.2,0.2555,0.207,0.0,0.76,2,0,False,False
188,frame_0231.jpg,92.4,0.2555,0.2755,0.2857,0.16,7,2,False,False
189,frame_0269.jpg,107.6,0.2548,0.3222,0.2857,0.04,8,2,False,False
190,frame_0117.jpg,46.8,0.2513,0.2568,0.1429,0.4,6,1,False,False
191,frame_0273.jpg,109.2,0.2495,0.2795,0.2857,0.12,6,2,False,False
192,frame_0207.jpg,82.8,0.249,0.178,0.0,0.8,1,0,False,False
193,frame_0118.jpg,47.2,0.246,0.2302,0.1429,0.44,6,1,False,False
194,frame_0225.jpg,90.0,0.2454,0.2874,0.2857,0.08,7,2,False,False
195,frame_0221.jpg,88.4,0.2445,0.3073,0.1429,0.24,4,1,False,False
196,frame_0391.jpg,156.4,0.2445,0.3873,0.1429,0.04,3,1,False,False
197,frame_0176.jpg,70.4,0.2424,0.303,0.1429,0.24,6,1,False,False
198,frame_0102.jpg,40.8,0.2417,0.3497,0.1429,0.12,3,1,False,False
199,frame_0206.jpg,82.4,0.2406,0.1772,0.0,0.76,2,0,False,False
200,frame_0226.jpg,90.4,0.2404,0.2934,0.2857,0.04,3,2,False,False
201,frame_0119.jpg,47.6,0.2378,0.1978,0.1429,0.48,5,1,False,False
202,frame_0305.jpg,122.0,0.2376,0.2774,0.1429,0.28,4,1,False,False
203,frame_0390.jpg,156.0,0.2349,0.2663,0.2857,0.08,7,2,False,False
204,frame_0184.jpg,73.6,0.2334,0.2634,0.2857,0.08,6,2,False,False
205,frame_0314.jpg,125.6,0.2305,0.3432,0.1429,0.08,7,1,False,False
206,frame_0220.jpg,88.0,0.228,0.2583,0.1429,0.28,4,1,False,False
207,frame_0098.jpg,39.2,0.2263,0.2651,0.2857,0.04,5,2,False,False
208,frame_0104.jpg,41.6,0.2251,0.3165,0.1429,0.12,3,1,False,False
209,frame_0219.jpg,87.6,0.2236,0.2335,0.1429,0.32,4,1,False,False
210,frame_0232.jpg,92.8,0.2222,0.2787,0.1429,0.2,6,1,False,False
211,frame_0213.jpg,85.2,0.222,0.2199,0.0,0.56,3,0,False,False
212,frame_0186.jpg,74.4,0.2213,0.2552,0.2857,0.04,8,2,False,False
213,frame_0110.jpg,44.0,0.2182,0.3027,0.1429,0.12,3,1,False,False
214,frame_0385.jpg,154.0,0.2161,0.2665,0.1429,0.2,4,1,False,False
215,frame_0228.jpg,91.2,0.2118,0.3218,0.1429,0.04,5,1,False,False
216,frame_0204.jpg,81.6,0.2095,0.1469,0.0,0.68,3,0,False,False
217,frame_0205.jpg,82.0,0.2082,0.1285,0.0,0.72,2,0,False,False
218,frame_0196.jpg,78.4,0.2079,0.2718,0.0,0.36,1,0,False,False
219,frame_0181.jpg,72.4,0.2063,0.3965,0.0,0.04,4,0,False,False
220,frame_0233.jpg,93.2,0.2061,0.2304,0.1429,0.24,5,1,False,False
221,frame_0324.jpg,129.6,0.203,0.2882,0.1429,0.08,6,1,False,False
222,frame_0092.jpg,36.8,0.2026,0.2074,0.1429,0.28,4,1,False,False
223,frame_0197.jpg,78.8,0.2007,0.2414,0.0,0.4,1,0,False,False
224,frame_0211.jpg,84.4,0.199,0.142,0.0,0.64,2,0,False,False
225,frame_0217.jpg,86.8,0.1978,0.2355,0.0,0.4,2,0,False,False
226,frame_0272.jpg,108.8,0.1975,0.2773,0.1429,0.08,4,1,False,False
227,frame_0189.jpg,75.6,0.1953,0.2729,0.1429,0.08,3,1,False,False
228,frame_0200.jpg,80.0,0.1944,0.1807,0.0,0.52,2,0,False,False
229,frame_0310.jpg,124.0,0.1905,0.2632,0.1429,0.08,3,1,False,False
230,frame_0322.jpg,128.8,0.1903,0.2308,0.1429,0.16,5,1,False,False
231,frame_0190.jpg,76.0,0.1885,0.2433,0.1429,0.12,3,1,False,False
232,frame_0382.jpg,152.8,0.1849,0.2521,0.1429,0.08,7,1,False,False
233,frame_0381.jpg,152.4,0.1777,0.2537,0.1429,0.04,6,1,False,False
234,frame_0171.jpg,68.4,0.1739,0.1718,0.0,0.44,3,0,False,False
235,frame_0201.jpg,80.4,0.1739,0.1238,0.0,0.56,1,0,False,False
236,frame_0088.jpg,35.2,0.1734,0.1709,0.0,0.44,5,0,False,False
237,frame_0215.jpg,86.0,0.1729,0.1539,0.0,0.48,5,0,False,False
238,frame_0199.jpg,79.6,0.1711,0.1503,0.0,0.48,2,0,False,False
239,frame_0309.jpg,123.6,0.1709,0.2081,0.1429,0.12,7,1,False,False
240,frame_0323.jpg,129.2,0.1685,0.2033,0.1429,0.12,6,1,False,False
241,frame_0103.jpg,41.2,0.1652,0.1807,0.1429,0.16,6,1,False,False
242,frame_0311.jpg,124.4,0.1649,0.228,0.1429,0.04,4,1,False,False
243,frame_0370.jpg,148.0,0.1624,0.2231,0.1429,0.04,8,1,False,False
244,frame_0101.jpg,40.4,0.1574,0.197,0.1429,0.08,5,1,False,False
245,frame_0100.jpg,40.0,0.1565,0.2112,0.1429,0.04,6,1,False,False
246,frame_0313.jpg,125.2,0.1565,0.2112,0.1429,0.04,4,1,False,False
247,frame_0319.jpg,127.6,0.1492,0.1865,0.0,0.28,5,0,False,False
248,frame_0195.jpg,78.0,0.1475,0.167,0.0,0.32,3,0,False,False
249,frame_0194.jpg,77.6,0.1458,0.1796,0.0,0.28,1,0,False,False
250,frame_0389.jpg,155.6,0.1251,0.2022,0.0,0.12,5,0,False,False
251,frame_0191.jpg,76.4,0.1234,0.1828,0.0,0.16,4,0,False,False
252,frame_0180.jpg,72.0,0.1186,0.2052,0.0,0.08,5,0,False,False
253,frame_0222.jpg,88.8,0.1167,0.1534,0.0,0.2,5,0,False,False
254,frame_0371.jpg,148.4,0.1089,0.1858,0.0,0.08,4,0,False,False
255,frame_0108.jpg,43.2,0.0968,0.1776,0.0,0.04,6,0,False,False
256,frame_0188.jpg,75.2,0.0932,0.1704,0.0,0.04,5,0,False,False
